Description,NLP_Category
60 TEATIME FAIRY CAKE CASES,0
COSY HOUR GIANT TUBE MATCHES,0
FRYING PAN RED POLKADOT,0
GLITTER HANGING BUTTERFLY STRING,0
WOODEN SCHOOL COLOURING SET,9
BIG DOUGHNUT FRIDGE MAGNETS,0
CORONA MEXICAN TRAY,0
GLAMOROUS  MUG,0
LUNCH BAG WOODLAND,8
SINGLE HEART ZINC T-LIGHT HOLDER,4
CHILDS APRON SPACEBOY DESIGN,0
CLOTHES PEGS RETROSPOT PACK 24,0
EDWARDIAN PARASOL BLACK,0
PINK 3 PIECE POLKADOT CUTLERY SET,9
SET 3 PAPER VINTAGE CHICK PAPER EGG,9
SET OF 10 LED DOLLY LIGHTS,9
WOODLAND PARTY BAG + STICKER SET,8
CANDLEHOLDER PINK HANGING HEART,0
HAND WARMER SCOTTY DOG DESIGN,1
PACK OF 12 WOODLAND TISSUES,0
RABBIT NIGHT LIGHT,0
RED BABY BUNTING,0
RIBBON REEL CHRISTMAS SOCK BAUBLE,0
SET/5 RED RETROSPOT LID GLASS BOWLS,0
ASSORTED COLOUR MINI CASES,0
FAIRY TALE COTTAGE NIGHTLIGHT,0
GLASS JAR DAISY FRESH COTTON WOOL,0
GUMBALL COAT RACK,0
JUMBO STORAGE BAG SKULLS,8
LARGE ZINC HEART WALL ORGANISER,0
TOY TIDY PINK RETROSPOT,0
CERAMIC CAKE BOWL + HANGING CAKES,0
JUMBO BAG ALPHABET,8
HOMEMADE JAM SCENTED CANDLES,0
PAINT YOUR OWN CANVAS SET,9
RED  HARMONICA IN BOX,0
SET OF 4 JAM JAR MAGNETS,9
WOODEN HAPPY BIRTHDAY GARLAND,0
CHRISTMAS GINGHAM HEART,0
CREAM SWEETHEART MINI CHEST,0
SET3 BOOK BOX GREEN GINGHAM FLOWER,0
BOX OF 24 COCKTAIL PARASOLS,0
Manual,0
RED SPOTTY COIR DOORMAT,0
SCOTTIE DOG HOT WATER BOTTLE,0
SET/6 TURQUOISE BUTTERFLY T-LIGHTS,0
"\"RECORD FRAME 7\"\" SINGLE SIZE \"",0
DOORMAT NEW ENGLAND,0
ENCHANTED BIRD COATHANGER 5 HOOK,0
RED RETROSPOT SUGAR JAM BOWL,0
ROSES REGENCY TEACUP AND SAUCER,0
SET/10 BLUE POLKADOT PARTY CANDLES,0
SMALL CERAMIC TOP STORAGE JAR,0
JUMBO BAG OWLS,8
SET/3 VANILLA SCENTED CANDLE IN BOX,0
TRADITIONAL WOODEN CATCH CUP GAME,0
VINTAGE HEADS AND TAILS CARD GAME,0
CHARLOTTE BAG DOLLY GIRL DESIGN,8
DOOR MAT SPOTTY HOME SWEET HOME,0
DOORMAT 3 SMILEY CATS,0
TOADSTOOL MONEY BOX,0
VINTAGE DOILY DELUXE SEWING KIT,0
VINTAGE UNION JACK DOORSTOP,0
CLASSIC GLASS COOKIE JAR,0
DOOR MAT TOPIARY,0
FAIRY CAKE CANDLES,0
PACK OF 12 HEARTS DESIGN TISSUES,0
BUNDLE OF 3 ALPHABET EXERCISE BOOKS,0
DOORMAT RESPECTABLE HOUSE,0
LANDMARK FRAME COVENT GARDEN,0
POLYESTER FILLER PAD 40x40cm,0
3 TIER CAKE TIN RED AND CREAM,6
FELTCRAFT GIRL AMELIE KIT,0
INFLATABLE POLITICAL GLOBE,0
RED SPOTTY CHILDS APRON,0
TEA BAG PLATE RED RETROSPOT,8
ENGLISH ROSE DESIGN PEG BAG,8
HAND WARMER BIRD DESIGN,1
PINK FAIRY CAKE CHILDRENS APRON,0
VINTAGE DOILY TRAVEL SEWING KIT,0
36 PENCILS TUBE SKULLS,0
BLACK RECORD COVER FRAME,0
PACK OF 6 SANDCASTLE FLAGS ASSORTED,0
PACK OF 72 RETRO SPOT CAKE CASES,0
PAPER BUNTING RETROSPOT,0
RED RETROSPOT PLATE,0
WOOD 2 DRAWER CABINET WHITE FINISH,0
JINGLE BELL HEART ANTIQUE SILVER,0
MULTI COLOUR SILVER T-LIGHT HOLDER,4
REGENCY TEA PLATE GREEN,0
ANTIQUE SILVER TEA GLASS ENGRAVED,0
FAWN BLUE HOT WATER BOTTLE,0
GIN AND TONIC MUG,0
RED TOADSTOOL LED NIGHT LIGHT,0
CARD HOLDER GINGHAM HEART,4
DOOR MAT MULTICOLOUR STRIPE,0
LUNCH BAG APPLE DESIGN,8
SET OF 3 BABUSHKA STACKING TINS,9
SMALL WHITE HEART OF WICKER,0
WHITE SKULL HOT WATER BOTTLE,0
AIRLINE BAG VINTAGE JET SET RED,8
BLUE HAPPY BIRTHDAY BUNTING,0
GROW YOUR OWN HERBS SET OF 3,9
HEART IVORY TRELLIS LARGE,0
KNITTED UNION FLAG HOT WATER BOTTLE,0
LUNCH BAG DOLLY GIRL DESIGN,8
PAPER CHAIN KIT SKULLS,0
WOODEN STAR CHRISTMAS SCANDINAVIAN,0
ANTIQUE SILVER T-LIGHT GLASS,4
BAKING SET SPACEBOY DESIGN,9
BLACK/BLUE POLKADOT UMBRELLA,0
HOME SWEET HOME BLACKBOARD,0
TREASURE ISLAND BOOK BOX,0
WASH BAG VINTAGE ROSE PAISLEY,8
CHARLOTTE BAG PINK POLKADOT,8
JUMBO BAG SCANDINAVIAN BLUE PAISLEY,8
BREAD BIN DINER STYLE MINT,0
CALENDAR PAPER CUT DESIGN,0
GLASS JAR DIGESTIVE BISCUITS,0
LANDMARK FRAME LONDON BRIDGE,0
LOVE BUILDING BLOCK WORD,0
RED SPOTTY SHOPPER BAG,8
BATHROOM METAL SIGN,5
CERAMIC BOWL WITH STRAWBERRY DESIGN,0
CHRISTMAS TOILET ROLL,0
GINGHAM HEART DECORATION,0
RECIPE BOX WITH METAL HEART,5
RED RETROSPOT SHOPPER BAG,8
SKULL LUNCH BOX WITH CUTLERY,0
WALL ART BIG LOVE,0
ENAMEL FLOWER JUG CREAM,0
POTTING SHED TEA MUG,0
SCANDINAVIAN REDS RIBBONS,0
TOY TIDY PINK POLKADOT,0
60 CAKE CASES DOLLY GIRL DESIGN,0
BABUSHKA LIGHTS STRING OF 10,0
BAG 250g SWIRLY MARBLES,8
JAM MAKING SET WITH JARS,9
JUMBO BAG RED RETROSPOT,8
JUMBO BAG STRAWBERRY,8
RECIPE BOX BLUE SKETCHBOOK DESIGN,0
CHARLIE+LOLA PINK HOT WATER BOTTLE,0
CITRONELLA CANDLE FLOWERPOT,0
DOOR MAT RED SPOT,0
DOORMAT TOPIARY,0
DOORSTOP RETROSPOT HEART,0
ENAMEL MEASURING JUG CREAM,0
IVORY HANGING DECORATION  HEART,0
RECYCLING BAG RETROSPOT,8
RED HANGING HEART T-LIGHT HOLDER,4
BROWN CHECK CAT DOORSTOP,0
MEDIUM CERAMIC TOP STORAGE JAR,0
PARTY METAL SIGN,5
PINK BLUE FELT CRAFT TRINKET BOX,0
SET OF 6 SOLDIER SKITTLES,9
TEA BAG PLATE RED SPOTTY,8
BREAD BIN DINER STYLE PINK,0
RED RETROSPOT CHILDRENS UMBRELLA,0
RETRO SPOT TEA SET CERAMIC 11 PC,9
CHILDRENS CUTLERY DOLLY GIRL,0
"FANCY FONT BIRTHDAY CARD,",0
FELTCRAFT PRINCESS LOLA DOLL,0
ICE CREAM SUNDAE LIP GLOSS,0
JUMBO BAG PEARS,8
JUMBO BAG VINTAGE DOILY,8
KINGS CHOICE TEA CADDY,0
PINK POLKADOT BOWL,0
DOOR MAT NEW ENGLAND,0
ENAMEL WASH BOWL CREAM,0
HOT BATHS METAL SIGN,5
LANDMARK FRAME NOTTING HILL,0
COFFEE MUG BLUE PAISLEY DESIGN,0
COFFEE MUG PEARS  DESIGN,0
CUPCAKE LACE PAPER SET 6,9
EDWARDIAN PARASOL PINK,0
LUNCH BAG CARS BLUE,8
PANTRY MAGNETIC  SHOPPING LIST,0
PAPER CHAIN KIT VINTAGE CHRISTMAS,0
GAOLERS KEYS DECORATIVE GARDEN,0
JUMBO SHOPPER VINTAGE RED PAISLEY,8
LUNCH BAG ALPHABET DESIGN,8
RED SPOTTY ROUND CAKE TINS,0
RETRO RED SPOTTY WASHING UP GLOVES,0
TEA TIME TEAPOT IN GIFT BOX,0
CHRISTMAS PUDDING TRINKET POT,0
CREAM SWEETHEART WALL CABINET,0
LARGE IVORY HEART WALL ORGANISER,0
MINI LIGHTS WOODLAND MUSHROOMS,0
MINI WOODEN HAPPY BIRTHDAY GARLAND,0
SET OF 12 FAIRY CAKE BAKING CASES,9
SET OF 6 RIBBONS VINTAGE CHRISTMAS,9
WHITE HANGING HEART T-LIGHT HOLDER,4
PEACE WOODEN BLOCK LETTERS,0
SET OF 3 HEART COOKIE CUTTERS,9
MINI PAINT SET VINTAGE,9
RECIPE BOX PANTRY YELLOW DESIGN,0
SAVE THE PLANET MUG,0
VICTORIAN  METAL POSTCARD SPRING,5
5 HOOK HANGER RED MAGIC TOADSTOOL,0
CHRISTMAS RETROSPOT ANGEL WOOD,0
HEART DECORATION WITH PEARLS,0
PACK 3 BOXES BIRD PANNETONE,0
POTTING SHED TWINE,0
RETROSPOT LAMP,0
SWEETHEART CERAMIC TRINKET BOX,0
FOLKART ZINC HEART CHRISTMAS DEC,0
GROW YOUR OWN BASIL IN ENAMEL MUG,0
SET 2 PANTRY DESIGN TEA TOWELS,9
ZINC FOLKART SLEIGH BELLS,0
EDWARDIAN PARASOL RED,0
GARLAND WOODEN HAPPY EASTER,0
GLASS  BEURRE DISH,0
RED METAL BEACH SPADE,5
STRAWBERRY FAIRY CAKE TEAPOT,0
VINTAGE UNION JACK CUSHION COVER,0
3 HEARTS HANGING DECORATION RUSTIC,0
6 EGG HOUSE PAINTED WOOD,0
IVORY DINER WALL CLOCK,0
JUMBO  BAG BAROQUE BLACK WHITE,8
LADIES & GENTLEMEN METAL SIGN,5
PACK OF 72 SKULL CAKE CASES,0
TEA TIME OVEN GLOVE,0
DOOR MAT 3 SMILEY CATS,0
GLITTER BUTTERFLY CLIPS,0
PACK OF 12 SUKI TISSUES,0
PINK FLORAL FELTCRAFT SHOULDER BAG,8
RECIPE BOX RETROSPOT,0
TWO DOOR CURIO CABINET,0
ASSTD DESIGN BUBBLE GUM RING,0
CHILDREN'S APRON DOLLY GIRL,0
CHILDS BREAKFAST SET SPACEBOY,9
PACK 20 ENGLISH ROSE PAPER NAPKINS,0
RED 3 PIECE RETROSPOT CUTLERY SET,9
SWEETHEART RECIPE BOOK STAND,0
WOODEN ADVENT CALENDAR RED,0
FELTCRAFT DOLL EMILY,0
MAGNETS PACK OF 4 CHILDHOOD MEMORY,0
36 PENCILS TUBE RED RETROSPOT,0
BLUE 3 PIECE MINI DOTS CUTLERY SET,9
CHOCOLATE BOX RIBBONS,0
GINGHAM HEART  DOORSTOP RED,0
RED RETROSPOT PEG BAG,8
SOMBRERO,0
BREAD BIN DINER STYLE RED,0
CERAMIC STRAWBERRY CAKE MONEY BANK,0
CHRISTMAS METAL TAGS ASSORTED,5
POPPY'S PLAYHOUSE KITCHEN,0
CARDHOLDER HOLLY WREATH METAL,5
CLASSIC METAL BIRDCAGE PLANT HOLDER,5
PACK OF 72 RETROSPOT CAKE CASES,0
ANTIQUE GLASS DRESSING TABLE POT,0
CAKE STAND LACE WHITE,0
METAL SIGN TAKE IT OR LEAVE IT,5
PINK PAPER PARASOL,0
SET OF 2 TEA TOWELS APPLE AND PEARS,9
SILVER HANGING T-LIGHT HOLDER,4
WOODEN CROQUET GARDEN SET,9
HOME SWEET HOME MUG,0
PACK OF 20 SKULL PAPER NAPKINS,0
PAINTED METAL PEARS ASSORTED,5
PLACE SETTING WHITE HEART,0
POSTAGE,0
RED RETROSPOT PICNIC BAG,8
6 CHOCOLATE LOVE HEART T-LIGHTS,0
DOORMAT NEIGHBOURHOOD WITCH,0
DOORMAT WELCOME PUPPIES,0
FIRST AID TIN,6
LAUNDRY 15C METAL SIGN,5
RED SPOTS  WRAP,0
STRAWBERRY   PICNIC BAG,8
TEA PARTY BIRTHDAY CARD,0
VINTAGE BILLBOARD TEA MUG,0
WOODEN SKITTLES GARDEN SET,9
FRYING PAN UNION FLAG,0
JAM MAKING SET PRINTED,9
PACK OF 12 COLOURED PENCILS,0
SET OF 36 TEATIME PAPER DOILIES,9
SET OF 6 TEA TIME BAKING CASES,9
SET OF 72 PINK HEART PAPER DOILIES,9
BAKING SET 9 PIECE RETROSPOT,9
BISCUIT TIN VINTAGE CHRISTMAS,6
HAND WARMER RED LOVE HEART,1
HOT WATER BOTTLE I AM SO POORLY,0
KASHMIR FOLKART TUMBLERS,0
NOVELTY BISCUITS CAKE STAND 3 TIER,0
PACK OF 6 HANDBAG GIFT BOXES,0
PLASTERS IN TIN WOODLAND ANIMALS,6
GREY HEART HOT WATER BOTTLE,0
LIGHT GARLAND BUTTERFILES PINK,0
PICNIC BOXES SET OF 3 RETROSPOT,9
RED RETROSPOT WRAP,0
RED SPOTTY CHARLOTTE BAG,8
HOT WATER BOTTLE BABUSHKA,0
PAPER BUNTING WHITE LACE,0
RED RETROSPOT MUG,0
TEA TIME KITCHEN APRON,0
TRIPLE PHOTO FRAME CORNICE,0
CHOCOLATE THIS WAY METAL SIGN,5
GARDENERS KNEELING PAD,0
POLKADOT PEN,0
RETROSPOT GIANT TUBE MATCHES,0
SET OF THREE VINTAGE GIFT WRAPS,9
3 PIECE SPACEBOY COOKIE CUTTER SET,9
ABC TREASURE BOOK BOX,0
ASSTD DESIGN RACING CAR PEN,0
BINGO SET,9
ENAMEL BREAD BIN CREAM,0
LARGE CAKE STAND HANGING HEARTS,0
LUNCH BAG SPACEBOY DESIGN,8
MEMO BOARD COTTAGE DESIGN,0
QUEENS GUARD COFFEE MUG,0
RIBBON REEL HEARTS DESIGN,0
SMALL IVORY HEART WALL ORGANISER,0
10 COLOUR SPACEBOY PEN,0
CHICK GREY HOT WATER BOTTLE,0
CREAM SLICE FLANNEL PINK SPOT,0
HEART DECORATION PAINTED ZINC,0
UNION STRIPE WITH FRINGE  HAMMOCK,0
ANT WHITE WIRE HEART SPIRAL,0
CHILLI LIGHTS,0
DOUGHNUT LIP GLOSS,0
POTTERING IN THE SHED METAL SIGN,5
SAVE THE PLANET COTTON TOTE BAG,8
CERAMIC CAKE STAND + HANGING CAKES,0
"DIAMANTE HEART SHAPED WALL MIRROR,",0
DOORMAT HOME SWEET HOME BLUE,0
LANTERN CREAM GAZEBO,0
RED WHITE SCARF  HOT WATER BOTTLE,0
SET OF 3 REGENCY CAKE TINS,9
VICTORIAN SEWING BOX LARGE,0
BOX OF 6 CHRISTMAS CAKE DECORATIONS,0
CHOCOLATE CALCULATOR,0
GLASS STAR FROSTED T-LIGHT HOLDER,4
LUNCH BAG VINTAGE LEAF DESIGN,8
RETRO SPOT CAKE STAND,0
SET/6 PINK  BUTTERFLY T-LIGHTS,0
VICTORIAN GLASS HANGING T-LIGHT,4
WHITE SPOT BLUE CERAMIC DRAWER KNOB,0
ASSORTED COLOUR BIRD ORNAMENT,0
PHARMACIE FIRST AID TIN,6
RED FLORAL FELTCRAFT SHOULDER BAG,8
RED RETROSPOT ROUND CAKE TINS,0
HOT WATER BOTTLE TEA AND SYMPATHY,0
LUNCH BAG RED SPOTTY,8
PACK OF 6 BIRDY GIFT TAGS,0
WOODEN OWLS LIGHT GARLAND,0
WOODEN REGATTA BUNTING,0
FILIGRIS HEART WITH BUTTERFLY,0
LARGE HEART MEASURING SPOONS,0
PANTRY ROLLING PIN,0
ROSE CARAVAN DOORSTOP,0
TRAVEL CARD WALLET KEEP CALM,0
WOODEN HEART CHRISTMAS SCANDINAVIAN,0
CAMOUFLAGE DESIGN TEDDY,0
PIGGY BANK RETROSPOT,0
REGENCY MILK JUG PINK,0
WOOLLY HAT SOCK GLOVE ADVENT STRING,0
36 DOILIES VINTAGE CHRISTMAS,0
SET/6 RED SPOTTY PAPER PLATES,0
LOVE GARLAND PAINTED ZINC,0
MINI CAKE STAND  HANGING STRAWBERY,0
RUSTIC  SEVENTEEN DRAWER SIDEBOARD,0
CHILDRENS CUTLERY RETROSPOT RED,0
FANCY FONTS BIRTHDAY WRAP,0
DOORMAT KEEP CALM AND COME IN,0
REGENCY TEA PLATE ROSES,0
VINTAGE BILLBOARD LOVE/HATE MUG,0
BAG 125g SWIRLY MARBLES,8
CHRISTMAS STAR WISH LIST CHALKBOARD,0
WOODEN ADVENT CALENDAR CREAM,0
"\"ASSORTED FLOWER COLOUR \"\"LEIS\"\"\"",0
BOX OF 6 MINI VINTAGE CRACKERS,0
CHILDRENS CUTLERY POLKADOT BLUE,0
CREAM HEART CARD HOLDER,4
FAIRY CAKE FLANNEL ASSORTED COLOUR,0
FELTCRAFT DOLL MOLLY,0
PICCADILLY TEA SET,9
REGENCY SUGAR BOWL GREEN,0
REGENCY TEA PLATE PINK,0
ROUND SNACK BOXES SET OF 4 SKULLS,9
WATERING CAN BLUE ELEPHANT,0
CERAMIC HEART FAIRY CAKE MONEY BANK,0
HAND WARMER BABUSHKA DESIGN,1
HAND WARMER OWL DESIGN,1
SET 40 HEART SHAPE PETIT FOUR CASES,9
HANGING METAL HEART LANTERN,5
NATURAL SLATE HEART CHALKBOARD,0
POPPY'S PLAYHOUSE BEDROOM,0
RED DINER WALL CLOCK,0
SET OF 12 MINI LOAF BAKING CASES,9
SET OF 3 HANGING OWLS OLLIE BEAK,9
VICTORIAN SEWING BOX MEDIUM,0
DAIRY MAID LARGE MILK JUG,0
FRENCH BATHROOM SIGN BLUE METAL,5
GLASS HONEYPOT WASP CATCHER,0
PHOTO FRAME 3 CLASSIC HANGING,0
SWEETHEART KEY CABINET,0
PIG KEYRING WITH LIGHT & SOUND,0
RETROSPOT LARGE MILK JUG,0
SMALL FAIRY CAKE FRIDGE MAGNETS,0
BLUE PARTY BAGS,0
DOORMAT ENGLISH ROSE,0
EDWARDIAN PARASOL NATURAL,0
RED METAL BOX TOP SECRET,5
LARGE RED RETROSPOT WINDMILL,0
RED SPOTTY PLATE,0
SMALL GLASS HEART TRINKET POT,0
JUMBO BAG PINK WITH WHITE SPOTS,8
REGENCY TEAPOT ROSES,0
ROUND CAKE TIN VINTAGE RED,6
SET/10 PINK SPOTTY PARTY CANDLES,0
ANTIQUE LILY FAIRY LIGHTS,0
BIRD HOUSE HOT WATER BOTTLE,0
HANGING METAL STAR LANTERN,5
RIBBON REEL LACE DESIGN,0
SET 12 RETRO WHITE CHALK STICKS,9
SET/10 BLUE SPOTTY PARTY CANDLES,0
CAKE PLATE LOVEBIRD WHITE,0
FELTCRAFT CUSHION OWL,0
LUNCH BAG SUKI DESIGN,8
PAPER BUNTING VINTAGE PAISLEY,0
RED RETROSPOT UMBRELLA,0
DOCTOR'S BAG SOFT TOY,8
FAMILY ALBUM WHITE PICTURE FRAME,0
GREEN 3 PIECE MINI DOTS CUTLERY SET,9
LAVENDER SCENTED FABRIC HEART,0
LUNCH BAG PINK RETROSPOT,8
RETROSPOT CHILDRENS APRON,0
SET OF 6 NATIVITY MAGNETS,9
CHILDRENS APRON APPLES DESIGN,0
CIRCUS PARADE LUNCH BOX,0
GROW YOUR OWN FLOWERS SET OF 3,9
JUMBO BAG CHARLIE AND LOLA TOYS,8
RETRO SPOT LARGE MILK JUG,0
SET OF 3 BLACK FLYING DUCKS,9
SET/3 RED GINGHAM ROSE STORAGE BOX,0
TRAVEL SEWING KIT,0
WORLD WAR 2 GLIDERS ASSTD DESIGNS,0
ANTIQUE GLASS PEDESTAL BOWL,0
CHILDRENS APRON SPACEBOY DESIGN,0
FOOD CONTAINER SET 3 LOVE HEART,9
FRENCH WC SIGN BLUE METAL,5
GLASS CAKE COVER AND PLATE,0
MINT KITCHEN SCALES,0
WOOD S/3 CABINET ANT WHITE FINISH,0
WOODEN ROUNDERS GARDEN SET,9
BOX OF VINTAGE JIGSAW BLOCKS,0
DOORMAT AIRMAIL,0
FUNKY DIVA PEN,0
POLKADOT CUTLERY 24 PCS IN TRAY,0
RED STAR CARD HOLDER,4
STRAWBERRY CERAMIC TRINKET BOX,0
TV DINNER TRAY DOLLY GIRL,2
VINTAGE DONKEY TAIL GAME,0
FINE WICKER HEART,0
WRAP ENGLISH ROSE,0
CERAMIC CHERRY CAKE MONEY BANK,0
PACK OF 12 TRADITIONAL CRAYONS,0
PACK OF 6 PANNETONE GIFT BOXES,0
"SET 3 RETROSPOT TEA,COFFEE,SUGAR",9
SEWING BOX RETROSPOT DESIGN,0
CHARLOTTE BAG APPLES DESIGN,8
DOORMAT MERRY CHRISTMAS RED,0
FANNY'S REST STOPMETAL SIGN,0
IVORY KITCHEN SCALES,0
LARGE CERAMIC TOP STORAGE JAR,0
SET OF 4 KNICK KNACK TINS LONDON,9
DOORMAT WELCOME TO OUR HOME,0
LUNCH BOX WITH CUTLERY RETROSPOT,0
TEA TIME TABLE CLOTH,0
WHITE WOOD GARDEN PLANT LADDER,3
6 RIBBONS ELEGANT CHRISTMAS,0
BOYS VINTAGE TIN SEASIDE BUCKET,6
BUTTON BOX,0
CACTI T-LIGHT CANDLES,0
CARRIAGE,0
FELTCRAFT BUTTERFLY HEARTS,0
KINGS CHOICE MUG,0
ORGANISER WOOD ANTIQUE WHITE,0
SET OF 20 VINTAGE CHRISTMAS NAPKINS,9
GRAND CHOCOLATECANDLE,0
I'M ON HOLIDAY METAL SIGN,5
MINI CAKE STAND WITH HANGING CAKES,0
PINK DOUGHNUT TRINKET POT,0
PLASTERS IN TIN SKULLS,6
PLAYING CARDS KEEP CALM & CARRY ON,0
SWEETHEART CAKESTAND 3 TIER,0
DOORMAT CHRISTMAS VILLAGE,0
SET OF 4 NAPKIN CHARMS CUTLERY,9
STRAWBERRY CHARLOTTE BAG,8
ALARM CLOCK BAKELIKE CHOCOLATE,0
GUMBALL MAGAZINE RACK,0
HEART WOODEN CHRISTMAS DECORATION,0
HOT WATER BOTTLE KEEP CALM,0
TRADTIONAL ALPHABET STAMP SET,9
20 DOLLY PEGS RETROSPOT,0
COSY HOUR CIGAR BOX MATCHES,0
LUNCH BAG VINTAGE DOILY,8
OWL DOORSTOP,0
SET 6 SCHOOL MILK BOTTLES IN CRATE,9
WATERING CAN GREEN DINOSAUR,0
GIRLS VINTAGE TIN SEASIDE BUCKET,6
GREEN VINTAGE SPOT BEAKER,0
JUMBO BAG SCANDINAVIAN PAISLEY,8
NATURAL SLATE CHALKBOARD LARGE,0
RED RETROSPOT JUMBO BAG,8
AIRLINE BAG VINTAGE TOKYO 78,8
"HOOK, 5 HANGER ,MAGIC TOADSTOOL RED",0
LANDMARK FRAME CAMDEN TOWN,0
ROTATING SILVER ANGELS T-LIGHT HLDR,0
ROUND CAKE TIN VINTAGE GREEN,6
SET OF 9 BLACK SKULL BALLOONS,9
WHITE CHERRY LIGHTS,0
AREA PATROLLED METAL SIGN,5
"HOOK, 5 HANGER , MAGIC TOADSTOOL",0
LUNCH BAG DOILEY PATTERN,8
PACK OF 12 RED SPOTTY TISSUES,0
PANTRY CHOPPING BOARD,0
RED RETROSPOT BUTTER DISH,0
SET/10 RED POLKADOT PARTY CANDLES,0
SMALL ZINC HEART WALL ORGANISER,0
WHITE METAL LANTERN,5
HANGING JAM JAR T-LIGHT HOLDER,4
HOLIDAY FUN LUDO,0
RED SPOTTY APRON,0
VINTAGE UNION JACK MEMOBOARD,0
12 PENCILS SMALL TUBE SKULL,0
ROUND SNACK BOXES SET OF4 WOODLAND,9
DOORMAT PEACE ON EARTH BLUE,0
RED SPOT CERAMIC DRAWER KNOB,0
RETRO COFFEE MUGS ASSORTED,0
ROUND CONTAINER SET OF 5 RETROSPOT,9
VINTAGE CREAM CAT FOOD CONTAINER,0
RAIN PONCHO RETROSPOT,0
RED PAPER PARASOL,0
TRADITIONAL KNITTING NANCY,0
WATERING CAN PINK BUNNY,7
12 PENCIL SMALL TUBE WOODLAND,0
4 TRADITIONAL SPINNING TOPS,0
CHARLIE + LOLA RED HOT WATER BOTTLE,0
JUMBO BAG TOYS,8
PACK OF 20 NAPKINS RED APPLES,0
PACK OF 60 MUSHROOM CAKE CASES,0
PINK  SPOTTY PLATE,0
SWALLOWS GREETING CARD,0
LONDON BUS COFFEE MUG,0
LOVE LARGE WOOD LETTERS,0
BLUE VINTAGE SPOT BEAKER,0
SET/2 RED RETROSPOT TEA TOWELS,0
12 PENCILS SMALL TUBE RED SPOTTY,0
3 TIER CAKE TIN GREEN AND CREAM,6
CREAM SWEETHEART LETTER RACK,0
DOORMAT RED SPOT,0
GARDENERS KNEELING PAD CUP OF TEA,0
LUNCH BAG RED RETROSPOT,8
RED/WHITE DOTS RUFFLED UMBRELLA,0
SET OF TEA COFFEE SUGAR TINS PANTRY,9
SMALL CHINESE STYLE SCISSOR,0
72 SWEETHEART FAIRY CAKE CASES,0
GROW A FLYTRAP OR SUNFLOWER IN TIN,6
KEY CABINET MA CAMPAGNE,0
SET/2 RED SPOTTY TEA TOWELS,0
12 MESSAGE CARDS WITH ENVELOPES,0
3 DRAWER ANTIQUE WHITE WOOD CABINET,0
HALL CABINET WITH 3 DRAWERS,0
HAPPY STENCIL CRAFT,0
GLASS HEART T-LIGHT HOLDER,4
HOME SWEET HOME METAL SIGN,5
PACK OF 20 NAPKINS PANTRY DESIGN,0
REVOLVER WOODEN RULER,0
HAND WARMER RED RETROSPOT,1
HEART FILIGREE DOVE  SMALL,0
PACK OF 60 DINOSAUR CAKE CASES,0
RETROSPOT PARTY BAG + STICKER SET,8
COOKING SET RETROSPOT,9
"KEY FOB , SHED",0
SET 12 LAVENDER  BOTANICAL T-LIGHTS,9
TEA TIME PARTY BUNTING,0
ALARM CLOCK BAKELIKE GREEN,0
DOOR MAT BLACK FLOCK,0
MONSTERS STENCIL CRAFT,0
PACK OF 60 SPACEBOY CAKE CASES,0
SET OF 2 WOODEN MARKET CRATES,9
SET OF 5 PANCAKE DAY MAGNETS,9
SUKI  SHOULDER BAG,8
BISCUIT TIN 50'S CHRISTMAS,6
BISCUIT TIN VINTAGE RED,6
GIRAFFE WOODEN RULER,0
LARGE CAKE TOWEL PINK SPOTS,0
PACK OF 6 SKULL PAPER PLATES,0
SET OF 3 CAKE TINS PANTRY DESIGN,9
WOODLAND DESIGN  COTTON TOTE BAG,8
DOORMAT UNION FLAG,0
MILK PAN RED RETROSPOT,0
WASHROOM METAL SIGN,5
WEEKEND BAG VINTAGE ROSE PAISLEY,8
BLACK/BLUE DOTS RUFFLED UMBRELLA,0
DOORMAT HEARTS,0
ENGLISH ROSE HOT WATER BOTTLE,0
HAND OVER THE CHOCOLATE   SIGN,0
PINK HEART SHAPE EGG FRYING PAN,0
WOODLAND CHARLOTTE BAG,8
BLUE 3 PIECE POLKADOT CUTLERY SET,9
CHRISTMAS GINGHAM STAR,0
PAPER CHAIN KIT EMPIRE,0
SET 10 LIGHTS NIGHT OWL,9
"SET 3 RED SPOT TIN TEA,COFFEE,SUGAR",9
BATH BUILDING BLOCK WORD,0
CERAMIC CAKE DESIGN SPOTTED MUG,0
HAND WARMER RED POLKA DOT,1
RED RETROSPOT CHARLOTTE BAG,8
VINTAGE CHRISTMAS BUNTING,0
CHRISTMAS CRAFT TREE TOP ANGEL,0
CHRISTMAS LIGHTS 10 REINDEER,0
METAL 4 HOOK HANGER FRENCH CHATEAU,5
PACK OF 12 SKULL TISSUES,0
RED SPOTTY BISCUIT TIN,6
RED/WHITE DOT MINI CASES,0
SET OF 20 KIDS COOKIE CUTTERS,9
WHITE SPOT RED CERAMIC DRAWER KNOB,0
LUNCH BAG PINK POLKADOT,8
OFFICE MUG WARMER BLACK+SILVER,0
CHILDS BREAKFAST SET CIRCUS PARADE,9
JUMBO BAG PINK VINTAGE PAISLEY,8
SMALL HEART FLOWERS HOOK,0
BOTANICAL GARDENS WALL CLOCK,0
GREEN CHRISTMAS TREE CARD HOLDER,4
PINK VINTAGE SPOT BEAKER,0
RED RETROSPOT TRADITIONAL TEAPOT,0
RETRO SPORT PARTY BAG + STICKER SET,8
SET OF 3 BUTTERFLY COOKIE CUTTERS,9
BLACK HEART CARD HOLDER,4
LARGE CIRCULAR MIRROR MOBILE,0
PINK DRAWER KNOB ACRYLIC EDWARDIAN,0
SET OF 36 PAISLEY FLOWER DOILIES,9
TRADITIONAL CHRISTMAS RIBBONS,0
VINTAGE CHRISTMAS GIFT SACK,0
AFGHAN SLIPPER SOCK PAIR,0
JUMBO BAG VINTAGE LEAF,8
SET 6 PAPER TABLE LANTERN HEARTS,9
SET OF 3 WOODEN HEART DECORATIONS,9
WOODEN PICTURE FRAME WHITE FINISH,0
3 STRIPEY MICE FELTCRAFT,0
BLUE STRIPE CERAMIC DRAWER KNOB,0
JUMBO STORAGE BAG SUKI,8
PICTURE FRAME WOOD TRIPLE PORTRAIT,0
RED RETROSPOT MINI CASES,0
PINK/BROWN DOTS RUFFLED UMBRELLA,0
REGENCY TEA STRAINER,0
STRAWBERRY RAFFIA FOOD COVER,0
VINYL RECORD FRAME SILVER,0
12 PENCILS SMALL TUBE RED RETROSPOT,0
EMPIRE UNION JACK TV DINNER TRAY,2
PINK CREAM FELT CRAFT TRINKET BOX,0
RED SPOTTY CHILDS UMBRELLA,0
SPACEBOY BIRTHDAY CARD,0
GARDENERS KNEELING PAD KEEP CALM,0
MEMO BOARD RETROSPOT  DESIGN,0
S/4 CACTI CANDLES,0
SET OF 4 KNICK KNACK TINS DOILEY,9
CHILDRENS CUTLERY SPACEBOY,0
DOORMAT WELCOME SUNRISE,0
LANDMARK FRAME OXFORD STREET,0
LUNCH BOX I LOVE LONDON,0
PLASTERS IN TIN SPACEBOY,6
VANILLA SCENT CANDLE JEWELLED BOX,0
DOOR MAT ENGLISH ROSE,0
POPPY'S PLAYHOUSE LIVINGROOM,0
RED RETROSPOT BOWL,0
RED STRIPE CERAMIC DRAWER KNOB,0
RETROSPOT PADDED SEAT CUSHION,0
SET/3 RUSSIAN DOLL STACKING TINS,0
VINTAGE RED KITCHEN CABINET,0
DOOR MAT UNION JACK GUNS AND ROSES,0
OPEN CLOSED METAL SIGN,5
VINTAGE BLUE KITCHEN CABINET,0
ALARM CLOCK BAKELIKE ORANGE,0
CHILDS BREAKFAST SET DOLLY GIRL,9
CHOCOLATE HOT WATER BOTTLE,0
DOTCOM POSTAGE,0
FELTCRAFT CHRISTMAS FAIRY,0
JUMBO BAG PINK POLKADOT,8
SET OF 5 LUCKY CAT MAGNETS,9
DOORMAT BLACK FLOCK,0
DOORMAT RED RETROSPOT,0
REGENCY CAKESTAND 3 TIER,0
VINTAGE CREAM DOG FOOD CONTAINER,0
WALL ART ONLY ONE PERSON,0
CREAM SWEETHEART EGG HOLDER,0
SET/5 RED SPOTTY LID GLASS BOWLS,0
BUBBLEGUM RING ASSORTED,0
GIANT 50'S CHRISTMAS CRACKER,0
HOME BUILDING BLOCK WORD,0
MAGIC DRAWING SLATE SPACEBOY,0
PLEASE ONE PERSON METAL SIGN,5
SET OF 72 RETROSPOT PAPER  DOILIES,9
SET/20 RED RETROSPOT PAPER NAPKINS,0
YOU'RE CONFUSING ME METAL SIGN,5
6 RIBBONS RUSTIC CHARM,0
ALARM CLOCK BAKELIKE PINK,0
METAL SIGN NEIGHBOURHOOD WITCH,5
PHOTO FRAME CORNICE,0
RED RETROSPOT SMALL MILK JUG,0
UTILTY CABINET WITH HOOKS,0
VINTAGE BILLBOARD DRINK ME MUG,0
PAPER CHAIN KIT RETRO SPOT,0
PLASTERS IN TIN STRONGMAN,6
SMALL RED RETROSPOT MUG IN BOX,0
BLUE HARMONICA IN BOX,0
BOTTLE BAG RETROSPOT,8
CAKE STAND 3 TIER MAGIC GARDEN,0
COOK WITH WINE METAL SIGN,5
LOVE SEAT ANTIQUE WHITE METAL,5
METAL SIGN HER DINNER IS SERVED,5
RED RETROSPOT STORAGE JAR,0
DOORMAT MULTICOLOUR STRIPE,0
EASTER CRAFT 4 CHICKS,0
FELTCRAFT PRINCESS OLIVIA DOLL,0
HEART FILIGREE DOVE LARGE,0
CABIN BAG VINTAGE RETROSPOT,8
ENAMEL WATERING CAN CREAM,0
FAMILY PHOTO FRAME CORNICE,0
JUMBO BAG VINTAGE CHRISTMAS,8
PARISIENNE JEWELLERY DRAWER,0
SET OF 4 KNICK KNACK TINS DOILY,9
BALLOON PUMP WITH 10 BALLOONS,0
CHARLOTTE BAG SUKI DESIGN,8
CHRISTMAS LIGHTS 10 SANTAS,0
FULL ENGLISH BREAKFAST PLATE,0
LARGE WHITE HEART OF WICKER,0
RED GINGHAM TEDDY BEAR,0
S/6 WOODEN SKITTLES IN COTTON BAG,8
SPACEBOY MINI BACKPACK,0
12 EGG HOUSE PAINTED WOOD,0
3 HOOK PHOTO SHELF ANTIQUE WHITE,0
POTTERING MUG,0
RED SPOT HEART HOT WATER BOTTLE,0
TRADITIONAL MODELLING CLAY,0
TRADITIONAL WOODEN SKIPPING ROPE,0
COLOURING PENCILS BROWN TUBE,0
PLASTERS IN TIN VINTAGE PAISLEY,6
TEA TIME CAKE STAND IN GIFT BOX,0
JUMBO BAG PAISLEY PARK,8
MAN FLU METAL SIGN,5
PINK  HEART SHAPE LOVE BUCKET,0
RED 3 PIECE MINI DOTS CUTLERY SET,9
SCANDINAVIAN PAISLEY PICNIC BAG,8
SET OF 3 COLOURED  FLYING DUCKS,9
SPACEBOY GIFT WRAP,0
VINTAGE UNION JACK APRON,0
WHEELBARROW FOR CHILDREN,0
WHITE DOVE HONEYCOMB PAPER GARLAND,0
ENGLISH ROSE DESIGN QUILTED THROW,0
I CAN ONLY PLEASE ONE PERSON MUG,0
PINK CHERRY LIGHTS,0
SMALL HEART MEASURING SPOONS,0
WALL ART KEEP CALM,0
BLUE PAPER PARASOL,0
DOLLY GIRL LUNCH BOX,0
PINK 3 PIECE MINI DOTS CUTLERY SET,9
SET 6 PAPER TABLE LANTERN STARS,9
WICKER STAR,0
COFFEE MUG APPLES DESIGN,0
DOLLY GIRL BABY GIFT SET,9
JUMBO BAG DOILEY PATTERNS,8
PAPER BUNTING RETRO SPOTS,0
RED GINGHAM ROSE JEWELLERY BOX,0
RED WOOLLY HOTTIE WHITE HEART.,0
WHITE BEADED GARLAND STRING 20LIGHT,0
GREEN REGENCY TEACUP AND SAUCER,0
SPACEBOY BABY GIFT SET,9
TROPICAL  HONEYCOMB PAPER GARLAND,0
WHITE JEWELLED HEART DECORATION,0
DOOR MAT HEARTS,0
PAPER CHAIN KIT 50'S CHRISTMAS,0
PENS ASSORTED FUNNY FACE,0
PINK REGENCY TEACUP AND SAUCER,0
SET 7 BABUSHKA NESTING BOXES,9
WOODEN BOX OF DOMINOES,0
ALPHABET STENCIL CRAFT,0
CAMOUFLAGE LED TORCH,0
CHILDRENS CUTLERY POLKADOT PINK,0
CREAM SWEETHEART MAGAZINE RACK,0
HANGING HEART ZINC T-LIGHT HOLDER,4
LARGE CAKE STAND  HANGING STRAWBERY,0
LUNCH BAG PAISLEY PARK,8
SET/6 RED SPOTTY PAPER CUPS,0
FOUR HOOK  WHITE LOVEBIRDS,0
GIN + TONIC DIET METAL SIGN,5
PEARL CRYSTAL PUMPKIN T-LIGHT HLDR,0
WOOD BLACK BOARD ANT WHITE FINISH,0
36 FOIL HEART CAKE CASES,0
BLUE DINER WALL CLOCK,0
DOORMAT FAIRY CAKE,0
FELTCRAFT 6 FLOWER FRIENDS,0
HEART OF WICKER LARGE,0
SMALL RED RETROSPOT WINDMILL,0
CHARLIE AND LOLA FIGURES TINS,0
HEART OF WICKER SMALL,0
METAL SIGN EMPIRE TEA,5
15CM CHRISTMAS GLASS BALL 20 LIGHTS,0
DOG BOWL CHASING BALL DESIGN,0
PINK HAPPY BIRTHDAY BUNTING,0
RETROSPOT TEA SET CERAMIC 11 PC,9
ROUND SNACK BOXES SET OF 4 FRUITS,9
SKULLS PARTY BAG + STICKER SET,8
VINTAGE SNAKES & LADDERS,0
WOODEN UNION JACK BUNTING,0
DOOR MAT FANCY FONT HOME SWEET HOME,0
DOOR MAT WELCOME PUPPIES,0
ICE CREAM PEN LIP GLOSS,0
RED RETROSPOT OVEN GLOVE,0
RED SPOTTY BOWL,0
SET OF 9 HEART SHAPED BALLOONS,9
VINTAGE CHRISTMAS TABLECLOTH,0
CHRISTMAS CRAFT WHITE FAIRY,0
COFFEE MUG DOG + BALL DESIGN,0
GIRLS ALPHABET IRON ON PATCHES,0
PARTY CONE CHRISTMAS DECORATION,0
SET/4 WHITE RETRO STORAGE CUBES,0
ILLUSTRATED CAT BOWL,0
PANTRY WASHING UP BRUSH,0
PINK BABY BUNTING,0
PINK OWL SOFT TOY,0
PLASTERS IN TIN CIRCUS PARADE,6
SET OF 3 NOTEBOOKS IN PARCEL,9
SET OF 6 T-LIGHTS SNOWMEN,9
60 CAKE CASES VINTAGE CHRISTMAS,0
ALARM CLOCK BAKELIKE RED,0
BLACK KITCHEN SCALES,0
BLUE SPOT CERAMIC DRAWER KNOB,0
ROSE COTTAGE KEEPSAKE BOX,0
WALL MOUNTED VINTAGE ORGANISER,0
BOX OF VINTAGE ALPHABET BLOCKS,0
DAIRY MAID TRADITIONAL TEAPOT,0
LUNCH BAG  BLACK SKULL.,8
PACK 3 BOXES CHRISTMAS PANNETONE,0
SET 3 WICKER LOG BASKETS,9
DINOSAUR LUNCH BOX WITH CUTLERY,0
KINGS CHOICE GIANT TUBE MATCHES,0
SET OF 4 PANTRY JELLY MOULDS,9
ALARM CLOCK BAKELIKE IVORY,0
JUMBO BAG RED WHITE SPOTTY,8
LARGE RED SPOT WINDMILL,0
MIRRORED DISCO BALL,0
SET/10 RED SPOTTY PARTY CANDLES,0
FELTCRAFT CUSHION BUTTERFLY,0
PACK OF 60 PINK PAISLEY CAKE CASES,0
RIBBON REEL CHRISTMAS PRESENT,0
RIBBON REEL STRIPES DESIGN,0
SET OF 72 RETRO SPOT PAPER  DOILIES,9
METAL MERRY CHRISTMAS WREATH,5
PINK FAIRY CAKE CHILD'S APRON,0
WILLOW BRANCH LIGHTS.,0
CIRCUS PARADE BABY GIFT SET,9
POPCORN HOLDER,0
RETROSPOT HEART HOT WATER BOTTLE,0
SET OF 6 T-LIGHTS SANTA,9
FELTCRAFT CUSHION RABBIT,0
MA CAMPAGNE CUTLERY BOX,0
PAPER CHAIN KIT RETROSPOT,0
SET 12 KIDS COLOUR  CHALK STICKS,9
VINTAGE UNION JACK SHOPPING BAG,8
ADVENT CALENDAR GINGHAM SACK,0
AGED GLASS SILVER T-LIGHT HOLDER,4
JUMBO BAG 50'S CHRISTMAS,8
JUMBO BAG WOODLAND ANIMALS,8
LOVEBIRD HANGING DECORATION WHITE,0
STRAWBERRY SHOPPER BAG,8
TOILET METAL SIGN,5
ASSORTED COLOURS SILK FAN,0
BREAD BIN DINER STYLE IVORY,0
SET OF 12 ROSE BOTANICAL T-LIGHTS,9
36 PENCILS TUBE WOODLAND,0
DOORMAT UNION JACK GUNS AND ROSES,0
SET 2 TEA TOWELS I LOVE LONDON,9
ZINC METAL HEART DECORATION,5
HAND WARMER UNION JACK,1
NOEL WOODEN BLOCK LETTERS,0
SET OF 60 PANTRY DESIGN CAKE CASES,9
BEWARE OF THE CAT METAL SIGN,5
CHINESE DRAGON PAPER LANTERNS,0
GROW YOUR OWN PLANT IN A CAN,0
LIGHT PINK CHERRY LIGHTS,0
LOVE HOT WATER BOTTLE,0
RETRO SPOT TRADITIONAL TEAPOT,0
SET OF 3 CASES WOODLAND DESIGN,9
COLOUR GLASS T-LIGHT HOLDER HANGING,4
SKULL SHOULDER BAG,8
WALL TIDY RETROSPOT,0
DELUXE SEWING KIT,0
SOLDIERS EGG CUP,0
STRAWBERRY LUNCH BOX WITH CUTLERY,0
ZINC WILLIE WINKIE  CANDLE STICK,0
ASSORTED COLOUR T-LIGHT HOLDER,4
GREEN 3 PIECE POLKADOT CUTLERY SET,9
IVORY GIANT GARDEN THERMOMETER,0
JUMBO BAG DOLLY GIRL DESIGN,8
PACK OF 6 SWEETIE GIFT BOXES,0
SLATE TILE NATURAL HANGING,0
BOX OF 6 MINI 50'S CRACKERS,0
BROCADE RING PURSE,0
GLASS JAR ENGLISH CONFECTIONERY,0
NATURAL SLATE RECTANGLE CHALKBOARD,0
S/4 BLUE ROUND DECOUPAGE BOXES,0
VINTAGE SNAP CARDS,0
WOODEN BOX ADVENT CALENDAR,0
T-LIGHT GLASS FLUTED ANTIQUE,4
WOODLAND  HEIGHT CHART STICKERS,0
HEART IVORY TRELLIS SMALL,0
PHOTO CUBE,0
PINK VINTAGE PAISLEY PICNIC BAG,8
SKULLS  WATER TRANSFER TATTOOS,0
WHITE WIRE EGG HOLDER,0
CHILDRENS CUTLERY POLKADOT GREEN,0
FELTCRAFT DOLL ROSIE,0
RED RETROSPOT TEA CUP AND SAUCER,0
VINTAGE POST OFFICE CABINET,0
WHITE LOVEBIRD LANTERN,0
CAKE STAND WHITE TWO TIER LACE,0
DOORMAT FANCY FONT HOME SWEET HOME,0
FAIRY CAKE BIRTHDAY CANDLE SET,9
PICNIC BASKET WICKER LARGE,0
SPACEBOY LUNCH BOX,0
TABLECLOTH RED APPLES DESIGN,0
SET/10 PINK POLKADOT PARTY CANDLES,0
3 HOOK HANGER MAGIC GARDEN,0
CREAM SWEETHEART TRAYS,0
EMBOSSED GLASS TEALIGHT HOLDER,4
FELTCRAFT PRINCESS CHARLOTTE DOLL,0
PINK PARTY BAGS,0
TOY TIDY SPACEBOY,0
CAKE STAND LOVEBIRD 2 TIER WHITE,0
CREAM CUPID HEARTS COAT HANGER,0
LUNCH BAG SUKI  DESIGN,8
SKULL AND CROSSBONES  GARLAND,0
VICTORIAN SEWING KIT,0
DOOR MAT FAIRY CAKE,0
RED RETROSPOT CAKE STAND,0
CHRISTMAS LIGHTS 10 VINTAGE BAUBLES,0
COLOUR GLASS. STAR T-LIGHT HOLDER,4
FUNKY WASHING UP GLOVES ASSORTED,0
KINGS CHOICE CIGAR BOX MATCHES,0
PARTY BUNTING,0
PACK OF 12 LONDON TISSUES,0
PAPER BUNTING COLOURED LACE,0
SPOTTY BUNTING,0
WALL ART CLASSIC PUDDINGS,0
KINGS CHOICE BISCUIT TIN,6
LARGE POPCORN HOLDER,0
NO SINGING METAL SIGN,5
RECYCLED ACAPULCO MAT TURQUOISE,0
RED SPOTTY PEG BAG,8
SET 3 WICKER OVAL BASKETS W LIDS,9
SET/20 STRAWBERRY PAPER NAPKINS,0
VINTAGE CREAM 3 BASKET CAKE STAND,0
VINTAGE DOILY JUMBO BAG RED,8
ANTIQUE SILVER TEA GLASS ETCHED,0
CAKE STAND LOVEBIRD 2 TIER PINK,0
CHRISTMAS CRAFT LITTLE FRIENDS,0
CLEAR DRAWER KNOB ACRYLIC EDWARDIAN,0
DOOR MAT UNION FLAG,0
PACK OF 12 PINK PAISLEY TISSUES,0
PACK OF SIX LED TEA LIGHTS,0
PARTY CONES CANDY ASSORTED,0
PICNIC BASKET WICKER SMALL,0
TEA TIME TEA TOWELS,0
WOODEN FRAME ANTIQUE WHITE,0
GINGERBREAD MAN COOKIE CUTTER,0
HOME SMALL WOOD LETTERS,0
JINGLE BELL HEART DECORATION,0
RIBBON REEL SNOWY VILLAGE,0
COFFEE MUG PINK PAISLEY DESIGN,0
FIVE HEART HANGING DECORATION,0
RETRO SPOT LAMP,0
SMALL POPCORN HOLDER,0
DOORMAT SPOTTY HOME SWEET HOME,0
FAIRY CAKE DESIGN UMBRELLA,0
HANGING HEART JAR T-LIGHT HOLDER,4
PICTURE DOMINOES,0
VINTAGE CHRISTMAS STOCKING,0
COFFEE MUG CAT + BIRD DESIGN,0
JUMBO BAG APPLES,8
MOROCCAN TEA GLASS,0
RED HEART SHAPE LOVE BUCKET,0
SET OF 6 SPICE TINS PANTRY DESIGN,9
DOORMAT I LOVE LONDON,0
JUMBO BAG SPACEBOY DESIGN,8
ROCKING HORSE RED CHRISTMAS,0
VICTORIAN SEWING BOX SMALL,0
VINTAGE UNION JACK BUNTING,0
WELCOME  WOODEN BLOCK LETTERS,0
CREAM SWEETHEART SHELF + HOOKS,0
RED KITCHEN SCALES,0
SET/20 RED SPOTTY PAPER NAPKINS,0
WRAP PINK FAIRY CAKES,0
